Date,Type,Description,Amount,Balance
,Opening,Opening balance,1.00,1.00
2026-09-18,Deposit,AR: Cat Kid Comic Club: On Purpose — 0.8 of 1 ($0.50 + $0.80),1.30,2.30
2026-09-22,Deposit,AR: Ranger Rick: I Wish I Was a Bison — 0.5 of 0.5 ($0.50 + $0.50),1.00,3.30
2026-09-22,Deposit,AR: The Summer Camp from the Black Lagoon — 0.4 of 0.5 ($0.50 + $0.40),0.90,4.20
2026-09-22,Deposit,AR: The Big Game from the Black Lagoon — 0.4 of 0.5 ($0.50 + $0.40),0.90,5.10
2026-09-23,Deposit,AR: Cat Kid Comic Club — 1 of 1 ($0.50 + $1.00),1.50,6.60
2026-09-23,Deposit,AR: Earth Day from the Black Lagoon — 0.4 of 0.5 ($0.50 + $0.40),0.90,7.50
2026-09-23,Deposit,AR: A Book About Your Skeleton — 0.4 of 0.5 ($0.50 + $0.40),0.90,8.40
2026-09-27,Withdrawal,Winn-Dixie,-4.30,4.10
2026-09-27,Gift,Gift from Grandma — Beach Investigators,3.00,7.10
2026-09-28,Deposit,AR: The 100th Day of School from the Black Lagoon — 0.5 of 0.5 ($0.50 + $0.50),1.00,8.10
2026-09-28,Deposit,AR: The Halloween Party from the Black Lagoon — 0.4 of 0.5 ($0.50 + $0.40),0.90,9.00
2026-09-28,Deposit,AR: Groundhog Day from the Black Lagoon — 0.4 of 0.5 ($0.50 + $0.40),0.90,9.90
2026-09-30,Deposit,AR: El club de cómics de Supergatito — 1 of 1 ($0.50 + $1.00),1.50,11.40
2026-10-01,Deposit,AR: Dog Man: Twenty Thousand Fleas Under the Sea — 0.7 of 1 ($0.50 + $0.70),1.20,12.60
2026-10-01,Withdrawal,CVS — candy,-6.20,6.40
2026-10-01,Bonus,Reached AR objective — $5 bonus,5.00,11.40
2026-10-06,Deposit,AR: Cat Kid Comic Club: Perspectives — 0.9 of 1 ($0.50 + $0.9),1.40,12.80
2026-10-05,Withdrawal,Jiu-jitsu — Acai ice cream,-2.00,10.80
